YYYYMMDD	Hour	Lat	Long	Course	PL	Distance	Ice_Index	Ice_Terms	Nav Terms	Ice_Log	URL_W	Note	Orig Lat	Orig Long	Orig Course	Orig URL
1901-05-27	12	48.08	-122.76			0.0					https://s3.amazonaws.com/NARAprodstorage/opastorage/live/15/4222/24422215/content/dc-metro/rg-026/585454/0001-A1/Rush-v528/Rush-v528_0012.JPG	Port Townsend	48.08	-122.76		12
1901-05-28	12	49.58	-124.88			123.0					https://s3.amazonaws.com/NARAprodstorage/opastorage/live/15/4222/24422215/content/dc-metro/rg-026/585454/0001-A1/Rush-v528/Rush-v528_0013.JPG	Union Bay	49.58	-124.88		13
1901-05-29	12	50.58	-126.92			98.9					https://s3.amazonaws.com/NARAprodstorage/opastorage/live/15/4222/24422215/content/dc-metro/rg-026/585454/0001-A1/Rush-v528/Rush-v528_0014.JPG	Off Cormorant Island	50.58	-126.92		14
1901-05-30	12	51.77	-128.03			82.7					https://s3.amazonaws.com/NARAprodstorage/opastorage/live/15/4222/24422215/content/dc-metro/rg-026/585454/0001-A1/Rush-v528/Rush-v528_0015.JPG	Off Nalau Island	51.77	-128.03		15
1901-05-31	12	52.16	-128.14			23.8					https://s3.amazonaws.com/NARAprodstorage/opastorage/live/15/4222/24422215/content/dc-metro/rg-026/585454/0001-A1/Rush-v528/Rush-v528_0016.JPG	Bella Bella	52.16	-128.14		16
1901-06-01	12	53.06	-128.55			56.0					https://s3.amazonaws.com/NARAprodstorage/opastorage/live/15/4222/24422215/content/dc-metro/rg-026/585454/0001-A1/Rush-v528/Rush-v528_0017.JPG	Graham Reach	53.06	-128.55		17
1901-06-02	12	53.83	-130.02			70.0					https://s3.amazonaws.com/NARAprodstorage/opastorage/live/15/4222/24422215/content/dc-metro/rg-026/585454/0001-A1/Rush-v528/Rush-v528_0018.JPG	Stuart Anchorage	53.83	-130.02		18
1901-06-03	12	53.83	-130.02			0.0					https://s3.amazonaws.com/NARAprodstorage/opastorage/live/15/4222/24422215/content/dc-metro/rg-026/585454/0001-A1/Rush-v528/Rush-v528_0019.JPG	Stuart Anchorage	53.83	-130.02		19
1901-06-04	12	57.21	-135.76			281.4					https://s3.amazonaws.com/NARAprodstorage/opastorage/live/15/4222/24422215/content/dc-metro/rg-026/585454/0001-A1/Rush-v528/Rush-v528_0020.JPG	Point Amelia WSW1/4W 3.75 miles	57.21	-135.76		20
1901-06-05	12	57.05	-135.33			17.0					https://s3.amazonaws.com/NARAprodstorage/opastorage/live/15/4222/24422215/content/dc-metro/rg-026/585454/0001-A1/Rush-v528/Rush-v528_0021.JPG	Sitka	57.05	-135.33		21
1901-06-06	12	57.05	-135.33			0.0				"They spent the entire time in the Alaskan Panhandle. A few bits of ice seen, I suspect it was from glaciers."	https://s3.amazonaws.com/NARAprodstorage/opastorage/live/15/4222/24422215/content/dc-metro/rg-026/585454/0001-A1/Rush-v528/Rush-v528_0020.JPG	Sitka	57.05	-135.33		https://s3.amazonaws.com/NARAprodstorage/opastorage/live/15/4222/24422215/content/dc-metro/rg-026/585454/0001-A1/Rush-v528/Rush-v528_0020.JPG
1901-06-07	12	58.3	-134.42			80.5					https://s3.amazonaws.com/NARAprodstorage/opastorage/live/15/4222/24422215/content/dc-metro/rg-026/585454/0001-A1/Rush-v528/Rush-v528_0021.JPG	Juneau	58.3	-134.42		21
1901-06-08	12	58.2	-135.1			22.3				They passed fields of floating ice from Glacier Bay around 7 A.M. I'm considering this to be glacial ice.	https://s3.amazonaws.com/NARAprodstorage/opastorage/live/15/4222/24422215/content/dc-metro/rg-026/585454/0001-A1/Rush-v528/Rush-v528_0022.JPG	Swanson Harbor	58.2	-135.1		22
1901-06-09	12	59.56	-142.52			244.3					https://s3.amazonaws.com/NARAprodstorage/opastorage/live/15/4222/24422215/content/dc-metro/rg-026/585454/0001-A1/Rush-v528/Rush-v528_0023.JPG		59 33 35N	142 31 07W		23
1901-06-10	12	61.07	-146.67			153.1					https://s3.amazonaws.com/NARAprodstorage/opastorage/live/15/4222/24422215/content/dc-metro/rg-026/585454/0001-A1/Rush-v528/Rush-v528_0024.JPG	Stanton Narrows	61.07	-146.67		24
1901-06-11	12	61.09	-146.4			7.9					https://s3.amazonaws.com/NARAprodstorage/opastorage/live/15/4222/24422215/content/dc-metro/rg-026/585454/0001-A1/Rush-v528/Rush-v528_0025.JPG	Swanport	61.09	-146.4		25
1901-06-12	12	61.09	-146.4			0.0					https://s3.amazonaws.com/NARAprodstorage/opastorage/live/15/4222/24422215/content/dc-metro/rg-026/585454/0001-A1/Rush-v528/Rush-v528_0026.JPG	Swanport	61.09	-146.4		26
1901-06-13	12	60.33	-146.6			46.0					https://s3.amazonaws.com/NARAprodstorage/opastorage/live/15/4222/24422215/content/dc-metro/rg-026/585454/0001-A1/Rush-v528/Rush-v528_0027.JPG	Port Etches	60.33	-146.6		27
1901-06-14	12	60.58	-145.72			30.1					https://s3.amazonaws.com/NARAprodstorage/opastorage/live/15/4222/24422215/content/dc-metro/rg-026/585454/0001-A1/Rush-v528/Rush-v528_0028.JPG	Orca	60.58	-145.72		28
1901-06-15	12	60.58	-145.72			0.0					https://s3.amazonaws.com/NARAprodstorage/opastorage/live/15/4222/24422215/content/dc-metro/rg-026/585454/0001-A1/Rush-v528/Rush-v528_0029.JPG	Orca	60.58	-145.72		29
1901-06-16	12	60.33	-146.6			30.1					https://s3.amazonaws.com/NARAprodstorage/opastorage/live/15/4222/24422215/content/dc-metro/rg-026/585454/0001-A1/Rush-v528/Rush-v528_0030.JPG	Port Etches	60.33	-146.6		30
1901-06-17	12	60.33	-146.6			0.0					https://s3.amazonaws.com/NARAprodstorage/opastorage/live/15/4222/24422215/content/dc-metro/rg-026/585454/0001-A1/Rush-v528/Rush-v528_0031.JPG	Port Etches	60.33	-146.6		31
1901-06-18	12	59.64	-147.96			58.2					https://s3.amazonaws.com/NARAprodstorage/opastorage/live/15/4222/24422215/content/dc-metro/rg-026/585454/0001-A1/Rush-v528/Rush-v528_0032.JPG	Cape Cleare NxW1/2W 8 miles	59.64	-147.96		32
1901-06-19	12	57.96	-152.49			173.2					https://s3.amazonaws.com/NARAprodstorage/opastorage/live/15/4222/24422215/content/dc-metro/rg-026/585454/0001-A1/Rush-v528/Rush-v528_0033.JPG	Wooded Island	57.96	-152.49		33
1901-06-20	12	57.96	-152.49			0.0					https://s3.amazonaws.com/NARAprodstorage/opastorage/live/15/4222/24422215/content/dc-metro/rg-026/585454/0001-A1/Rush-v528/Rush-v528_0034.JPG	Wooded Island	57.96	-152.49		34
1901-06-21	12	57.68	-151.75			29.0					https://s3.amazonaws.com/NARAprodstorage/opastorage/live/15/4222/24422215/content/dc-metro/rg-026/585454/0001-A1/Rush-v528/Rush-v528_0035.JPG		57 41N	151 45W		35
1901-06-22	12	58.05	-145.78			191.9					https://s3.amazonaws.com/NARAprodstorage/opastorage/live/15/4222/24422215/content/dc-metro/rg-026/585454/0001-A1/Rush-v528/Rush-v528_0036.JPG		58 02 45N	145 47W		36
1901-06-23	12	58.16	-139.15			210.4					https://s3.amazonaws.com/NARAprodstorage/opastorage/live/15/4222/24422215/content/dc-metro/rg-026/585454/0001-A1/Rush-v528/Rush-v528_0037.JPG		58 09 30N	139 09W		37
1901-06-24	12	58.3	-135.01			131.1				At 6 P.M. passed through large fields of floating ice off eastern end Lemesurier Island. Note: I am considering this to be glacial ice.	https://s3.amazonaws.com/NARAprodstorage/opastorage/live/15/4222/24422215/content/dc-metro/rg-026/585454/0001-A1/Rush-v528/Rush-v528_0038.JPG	Point Retreat NxW3/4W 7	58.3	-135.01		38
1901-06-25	12	58.3	-134.42			18.6					https://s3.amazonaws.com/NARAprodstorage/opastorage/live/15/4222/24422215/content/dc-metro/rg-026/585454/0001-A1/Rush-v528/Rush-v528_0039.JPG	Juneau	58.3	-134.42		39
1901-06-26	12	57.05	-135.33			80.5					https://s3.amazonaws.com/NARAprodstorage/opastorage/live/15/4222/24422215/content/dc-metro/rg-026/585454/0001-A1/Rush-v528/Rush-v528_0040.JPG	Sitka	57.05	-135.33		40
1901-06-27	12	57.05	-135.33			0.0					https://s3.amazonaws.com/NARAprodstorage/opastorage/live/15/4222/24422215/content/dc-metro/rg-026/585454/0001-A1/Rush-v528/Rush-v528_0041.JPG	Sitka	57.05	-135.33		41
1901-06-28	12	57.48	-135.32			25.8					https://s3.amazonaws.com/NARAprodstorage/opastorage/live/15/4222/24422215/content/dc-metro/rg-026/585454/0001-A1/Rush-v528/Rush-v528_0042.JPG	Rodman Bay	57.48	-135.32		42
1901-06-29	12	57.48	-135.32			0.0					https://s3.amazonaws.com/NARAprodstorage/opastorage/live/15/4222/24422215/content/dc-metro/rg-026/585454/0001-A1/Rush-v528/Rush-v528_0043.JPG	Rodman Bay	57.48	-135.32		43
1901-06-30	12	57.48	-135.32			0.0					https://s3.amazonaws.com/NARAprodstorage/opastorage/live/15/4222/24422215/content/dc-metro/rg-026/585454/0001-A1/Rush-v528/Rush-v528_0044.JPG	Rodman Bay	57.48	-135.32		44
1901-07-01	12	57.22	-135.5			16.7					https://s3.amazonaws.com/NARAprodstorage/opastorage/live/15/4222/24422215/content/dc-metro/rg-026/585454/0001-A1/Rush-v528/Rush-v528_0045.JPG	"Creek Point, Olga Strait"	57.22	-135.5		45
1901-07-02	12	57.05	-135.33			11.6					https://s3.amazonaws.com/NARAprodstorage/opastorage/live/15/4222/24422215/content/dc-metro/rg-026/585454/0001-A1/Rush-v528/Rush-v528_0046.JPG	Sitka	57.05	-135.33		46
1901-07-03	12	57.05	-135.33			0.0					https://s3.amazonaws.com/NARAprodstorage/opastorage/live/15/4222/24422215/content/dc-metro/rg-026/585454/0001-A1/Rush-v528/Rush-v528_0047.JPG	Sitka	57.05	-135.33		47
1901-07-04	12	57.05	-135.33			0.0					https://s3.amazonaws.com/NARAprodstorage/opastorage/live/15/4222/24422215/content/dc-metro/rg-026/585454/0001-A1/Rush-v528/Rush-v528_0048.JPG	Sitka	57.05	-135.33		48
1901-07-05	12	57.38	-135.67			22.7					https://s3.amazonaws.com/NARAprodstorage/opastorage/live/15/4222/24422215/content/dc-metro/rg-026/585454/0001-A1/Rush-v528/Rush-v528_0049.JPG	Kakul Narrows	57.38	-135.67		49
1901-07-06	12	58.3	-134.42			68.1					https://s3.amazonaws.com/NARAprodstorage/opastorage/live/15/4222/24422215/content/dc-metro/rg-026/585454/0001-A1/Rush-v528/Rush-v528_0050.JPG	Juneau	58.3	-134.42		50
1901-07-07	12	58.3	-134.42			0.0					https://s3.amazonaws.com/NARAprodstorage/opastorage/live/15/4222/24422215/content/dc-metro/rg-026/585454/0001-A1/Rush-v528/Rush-v528_0051.JPG	Juneau	58.3	-134.42		51
1901-07-08	12	58.26	-134.98			17.8					https://s3.amazonaws.com/NARAprodstorage/opastorage/live/15/4222/24422215/content/dc-metro/rg-026/585454/0001-A1/Rush-v528/Rush-v528_0052.JPG	"Point Howard, W 3 miles"	58.26	-134.98		52
1901-07-09	12	57.24	-135.56			64.0					https://s3.amazonaws.com/NARAprodstorage/opastorage/live/15/4222/24422215/content/dc-metro/rg-026/585454/0001-A1/Rush-v528/Rush-v528_0053.JPG	Neav Point Spindle E1/2N 1/2 mile	57.24	-135.56		53
1901-07-10	12	57.05	-135.33			13.6					https://s3.amazonaws.com/NARAprodstorage/opastorage/live/15/4222/24422215/content/dc-metro/rg-026/585454/0001-A1/Rush-v528/Rush-v528_0054.JPG	Sitka	57.05	-135.33		54
1901-07-11	12	57.05	-135.33			0.0					https://s3.amazonaws.com/NARAprodstorage/opastorage/live/15/4222/24422215/content/dc-metro/rg-026/585454/0001-A1/Rush-v528/Rush-v528_0055.JPG	Sitka	57.05	-135.33		55
1901-07-12	12	57.05	-135.33			0.0					https://s3.amazonaws.com/NARAprodstorage/opastorage/live/15/4222/24422215/content/dc-metro/rg-026/585454/0001-A1/Rush-v528/Rush-v528_0056.JPG	Sitka	57.05	-135.33		56
1901-07-13	12	57.05	-135.33			0.0					https://s3.amazonaws.com/NARAprodstorage/opastorage/live/15/4222/24422215/content/dc-metro/rg-026/585454/0001-A1/Rush-v528/Rush-v528_0057.JPG	Sitka	57.05	-135.33		57
1901-07-14	12	57.05	-135.33			0.0					https://s3.amazonaws.com/NARAprodstorage/opastorage/live/15/4222/24422215/content/dc-metro/rg-026/585454/0001-A1/Rush-v528/Rush-v528_0058.JPG	Sitka	57.05	-135.33		58
1901-07-15	12	57.05	-135.33			0.0					https://s3.amazonaws.com/NARAprodstorage/opastorage/live/15/4222/24422215/content/dc-metro/rg-026/585454/0001-A1/Rush-v528/Rush-v528_0059.JPG	Sitka	57.05	-135.33		59
1901-07-16	12	57.05	-135.33			0.0					https://s3.amazonaws.com/NARAprodstorage/opastorage/live/15/4222/24422215/content/dc-metro/rg-026/585454/0001-A1/Rush-v528/Rush-v528_0060.JPG	Sitka	57.05	-135.33		60
1901-07-17	12	57.05	-135.33			0.0					https://s3.amazonaws.com/NARAprodstorage/opastorage/live/15/4222/24422215/content/dc-metro/rg-026/585454/0001-A1/Rush-v528/Rush-v528_0061.JPG	Sitka	57.05	-135.33		61
1901-07-18	12	57.05	-135.33			0.0					https://s3.amazonaws.com/NARAprodstorage/opastorage/live/15/4222/24422215/content/dc-metro/rg-026/585454/0001-A1/Rush-v528/Rush-v528_0062.JPG	Sitka	57.05	-135.33		62
1901-07-19	12	57.38	-135.67			22.7					https://s3.amazonaws.com/NARAprodstorage/opastorage/live/15/4222/24422215/content/dc-metro/rg-026/585454/0001-A1/Rush-v528/Rush-v528_0063.JPG	Kakul Narrows	57.38	-135.67		63
1901-07-20	12	57.36	-135.69			1.4					https://s3.amazonaws.com/NARAprodstorage/opastorage/live/15/4222/24422215/content/dc-metro/rg-026/585454/0001-A1/Rush-v528/Rush-v528_0064.JPG	Off Kakul Point	57.36	-135.69		64
1901-07-21	12	58.06	-134.8			50.8					https://s3.amazonaws.com/NARAprodstorage/opastorage/live/15/4222/24422215/content/dc-metro/rg-026/585454/0001-A1/Rush-v528/Rush-v528_0065.JPG	Point Augusta SW 5 miles	58.06	-134.8		65
1901-07-22	12	57.35	-133.63			56.8					https://s3.amazonaws.com/NARAprodstorage/opastorage/live/15/4222/24422215/content/dc-metro/rg-026/585454/0001-A1/Rush-v528/Rush-v528_0066.JPG	Sail Island	57.35	-133.63		66
1901-07-23	12	56.63	-132.94			48.7					https://s3.amazonaws.com/NARAprodstorage/opastorage/live/15/4222/24422215/content/dc-metro/rg-026/585454/0001-A1/Rush-v528/Rush-v528_0067.JPG	North end Wrangell Narrows	56.63	-132.94		67
1901-07-24	12	58.4	-136.21			149.7					https://s3.amazonaws.com/NARAprodstorage/opastorage/live/15/4222/24422215/content/dc-metro/rg-026/585454/0001-A1/Rush-v528/Rush-v528_0068.JPG	Lemesurier Point E3/4S 7 miles	58.4	-136.21		68
1901-07-25	12	55.34	-131.65			236.9					https://s3.amazonaws.com/NARAprodstorage/opastorage/live/15/4222/24422215/content/dc-metro/rg-026/585454/0001-A1/Rush-v528/Rush-v528_0069.JPG	Ketchikan	55.34	-131.65		69
1901-07-26	12	55.13	-131.57			12.9					https://s3.amazonaws.com/NARAprodstorage/opastorage/live/15/4222/24422215/content/dc-metro/rg-026/585454/0001-A1/Rush-v528/Rush-v528_0070.JPG	New Metlakatla	55.13	-131.57		70
1901-07-27	12	55.34	-132.12			22.7					https://s3.amazonaws.com/NARAprodstorage/opastorage/live/15/4222/24422215/content/dc-metro/rg-026/585454/0001-A1/Rush-v528/Rush-v528_0071.JPG	Skin Island SExE1/2E 3 miles	55.34	-132.12		71
1901-07-28	12	54.85	-132.79			37.3					https://s3.amazonaws.com/NARAprodstorage/opastorage/live/15/4222/24422215/content/dc-metro/rg-026/585454/0001-A1/Rush-v528/Rush-v528_0072.JPG	Kaigani Strait	54.85	-132.79		72
1901-07-29	12	54.87	-132.33			15.9					https://s3.amazonaws.com/NARAprodstorage/opastorage/live/15/4222/24422215/content/dc-metro/rg-026/585454/0001-A1/Rush-v528/Rush-v528_0073.JPG	Hunter's Bay	54.87	-132.33		73
1901-07-30	12	55.21	-132.62			22.7					https://s3.amazonaws.com/NARAprodstorage/opastorage/live/15/4222/24422215/content/dc-metro/rg-026/585454/0001-A1/Rush-v528/Rush-v528_0074.JPG	Copper Mountain Bay	55.21	-132.62		74
1901-07-31	12	54.82	-133.26			32.1					https://s3.amazonaws.com/NARAprodstorage/opastorage/live/15/4222/24422215/content/dc-metro/rg-026/585454/0001-A1/Rush-v528/Rush-v528_0075.JPG	Lowrie Island WxS1/2S 10	54.82	-133.26		75
1901-08-01	12	55.53	-133.12			42.9					https://s3.amazonaws.com/NARAprodstorage/opastorage/live/15/4222/24422215/content/dc-metro/rg-026/585454/0001-A1/Rush-v528/Rush-v528_0076.JPG	Klawak Inlet	55.53	-133.12		76
1901-08-02	12	57.05	-135.33			117.2					https://s3.amazonaws.com/NARAprodstorage/opastorage/live/15/4222/24422215/content/dc-metro/rg-026/585454/0001-A1/Rush-v528/Rush-v528_0077.JPG	Sitka	57.05	-135.33		77
1901-08-03	12	57.05	-135.33			0.0					https://s3.amazonaws.com/NARAprodstorage/opastorage/live/15/4222/24422215/content/dc-metro/rg-026/585454/0001-A1/Rush-v528/Rush-v528_0078.JPG	Sitka	57.05	-135.33		78
1901-08-04	12	57.05	-135.33			0.0					https://s3.amazonaws.com/NARAprodstorage/opastorage/live/15/4222/24422215/content/dc-metro/rg-026/585454/0001-A1/Rush-v528/Rush-v528_0079.JPG	Sitka	57.05	-135.33		79
1901-08-05	12	57.05	-135.33			0.0					https://s3.amazonaws.com/NARAprodstorage/opastorage/live/15/4222/24422215/content/dc-metro/rg-026/585454/0001-A1/Rush-v528/Rush-v528_0080.JPG	Sitka	57.05	-135.33		80
1901-08-06	12	57.05	-135.33			0.0					https://s3.amazonaws.com/NARAprodstorage/opastorage/live/15/4222/24422215/content/dc-metro/rg-026/585454/0001-A1/Rush-v528/Rush-v528_0081.JPG	Sitka	57.05	-135.33		81
1901-08-07	12	57.33	-135.66			19.9					https://s3.amazonaws.com/NARAprodstorage/opastorage/live/15/4222/24422215/content/dc-metro/rg-026/585454/0001-A1/Rush-v528/Rush-v528_0082.JPG	Kane Islands SxE1/2E 1/2 mile	57.33	-135.66		82
1901-08-08	12	56.9	-136.13			30.0					https://s3.amazonaws.com/NARAprodstorage/opastorage/live/15/4222/24422215/content/dc-metro/rg-026/585454/0001-A1/Rush-v528/Rush-v528_0083.JPG	Ocean Cape N 30 miles	56.9	-136.13		83
1901-08-09	12	59.55	-139.73			195.5					https://s3.amazonaws.com/NARAprodstorage/opastorage/live/15/4222/24422215/content/dc-metro/rg-026/585454/0001-A1/Rush-v528/Rush-v528_0084.JPG	Yakutat	59.55	-139.73		84
1901-08-10	12	59.55	-139.73			0.0					https://s3.amazonaws.com/NARAprodstorage/opastorage/live/15/4222/24422215/content/dc-metro/rg-026/585454/0001-A1/Rush-v528/Rush-v528_0085.JPG	Yakutat	59.55	-139.73		85
1901-08-11	12	59.55	-139.73			0.0					https://s3.amazonaws.com/NARAprodstorage/opastorage/live/15/4222/24422215/content/dc-metro/rg-026/585454/0001-A1/Rush-v528/Rush-v528_0086.JPG	Yakutat	59.55	-139.73		86
1901-08-12	12	59.55	-139.73			0.0					https://s3.amazonaws.com/NARAprodstorage/opastorage/live/15/4222/24422215/content/dc-metro/rg-026/585454/0001-A1/Rush-v528/Rush-v528_0087.JPG	Yakutat	59.55	-139.73		87
1901-08-13	12	58	-137.17			122.5					https://s3.amazonaws.com/NARAprodstorage/opastorage/live/15/4222/24422215/content/dc-metro/rg-026/585454/0001-A1/Rush-v528/Rush-v528_0088.JPG		58 00N	137 10W		88
1901-08-14	12	57.01	-135.55			79.1					https://s3.amazonaws.com/NARAprodstorage/opastorage/live/15/4222/24422215/content/dc-metro/rg-026/585454/0001-A1/Rush-v528/Rush-v528_0089.JPG	Vitskari Beacon abeam at 12:47	57.01	-135.55		89
1901-08-15	12	57.05	-135.33			7.6					https://s3.amazonaws.com/NARAprodstorage/opastorage/live/15/4222/24422215/content/dc-metro/rg-026/585454/0001-A1/Rush-v528/Rush-v528_0090.JPG	Sitka	57.05	-135.33		90
1901-08-16	12	57.05	-135.33			0.0					https://s3.amazonaws.com/NARAprodstorage/opastorage/live/15/4222/24422215/content/dc-metro/rg-026/585454/0001-A1/Rush-v528/Rush-v528_0091.JPG	Sitka	57.05	-135.33		91
1901-08-17	12	57.05	-135.33			0.0					https://s3.amazonaws.com/NARAprodstorage/opastorage/live/15/4222/24422215/content/dc-metro/rg-026/585454/0001-A1/Rush-v528/Rush-v528_0092.JPG	Sitka	57.05	-135.33		92
1901-08-18	12	57.05	-135.33			0.0					https://s3.amazonaws.com/NARAprodstorage/opastorage/live/15/4222/24422215/content/dc-metro/rg-026/585454/0001-A1/Rush-v528/Rush-v528_0093.JPG	Sitka	57.05	-135.33		93
1901-08-19	12	57.05	-135.33			0.0					https://s3.amazonaws.com/NARAprodstorage/opastorage/live/15/4222/24422215/content/dc-metro/rg-026/585454/0001-A1/Rush-v528/Rush-v528_0094.JPG	Sitka	57.05	-135.33		94
1901-08-20	12	57.17	-135.43			7.9					https://s3.amazonaws.com/NARAprodstorage/opastorage/live/15/4222/24422215/content/dc-metro/rg-026/585454/0001-A1/Rush-v528/Rush-v528_0095.JPG	Dog Point E 1/2 mile	57.17	-135.43		95
1901-08-21	12	58.27	-135.02			67.3					https://s3.amazonaws.com/NARAprodstorage/opastorage/live/15/4222/24422215/content/dc-metro/rg-026/585454/0001-A1/Rush-v528/Rush-v528_0096.JPG	Point Howard WxN3/8N 2 miles	58.27	-135.02		96
1901-08-22	12	58.21	-134.62			13.1					https://s3.amazonaws.com/NARAprodstorage/opastorage/live/15/4222/24422215/content/dc-metro/rg-026/585454/0001-A1/Rush-v528/Rush-v528_0097.JPG	Scull Island SSW 3/4 mile	58.21	-134.62		97
1901-08-23	12	58.07	-134.02			20.8					https://s3.amazonaws.com/NARAprodstorage/opastorage/live/15/4222/24422215/content/dc-metro/rg-026/585454/0001-A1/Rush-v528/Rush-v528_0098.JPG	Taku Harbor	58.07	-134.02		98
1901-08-24	12	58.3	-134.42			18.7					https://s3.amazonaws.com/NARAprodstorage/opastorage/live/15/4222/24422215/content/dc-metro/rg-026/585454/0001-A1/Rush-v528/Rush-v528_0099.JPG	Juneau	58.3	-134.42		99
1901-08-25	12	58.3	-134.42			0.0					https://s3.amazonaws.com/NARAprodstorage/opastorage/live/15/4222/24422215/content/dc-metro/rg-026/585454/0001-A1/Rush-v528/Rush-v528_0100.JPG	Juneau	58.3	-134.42		100
1901-08-26	12	57.05	-135.33			80.5					https://s3.amazonaws.com/NARAprodstorage/opastorage/live/15/4222/24422215/content/dc-metro/rg-026/585454/0001-A1/Rush-v528/Rush-v528_0101.JPG	Sitka	57.05	-135.33		101
1901-08-27	12	57.05	-135.33			0.0					https://s3.amazonaws.com/NARAprodstorage/opastorage/live/15/4222/24422215/content/dc-metro/rg-026/585454/0001-A1/Rush-v528/Rush-v528_0102.JPG	Sitka	57.05	-135.33		102
1901-08-28	12	57.05	-135.33			0.0					https://s3.amazonaws.com/NARAprodstorage/opastorage/live/15/4222/24422215/content/dc-metro/rg-026/585454/0001-A1/Rush-v528/Rush-v528_0103.JPG	Sitka	57.05	-135.33		103
1901-08-29	12	57.05	-135.33			0.0					https://s3.amazonaws.com/NARAprodstorage/opastorage/live/15/4222/24422215/content/dc-metro/rg-026/585454/0001-A1/Rush-v528/Rush-v528_0104.JPG	Sitka	57.05	-135.33		104
1901-08-30	12	57.05	-135.33			0.0					https://s3.amazonaws.com/NARAprodstorage/opastorage/live/15/4222/24422215/content/dc-metro/rg-026/585454/0001-A1/Rush-v528/Rush-v528_0105.JPG	Sitka	57.05	-135.33		105
1901-08-31	12	57.05	-135.33			0.0					https://s3.amazonaws.com/NARAprodstorage/opastorage/live/15/4222/24422215/content/dc-metro/rg-026/585454/0001-A1/Rush-v528/Rush-v528_0106.JPG	Sitka	57.05	-135.33		106
1901-09-01	12	58.03	-134.86			60.7					https://s3.amazonaws.com/NARAprodstorage/opastorage/live/15/4222/24422215/content/dc-metro/rg-026/585454/0001-A1/Rush-v528/Rush-v528_0107.JPG	Point Augusta WSW 3 miles	58.03	-134.86		107
1901-09-02	12	58.3	-134.42			21.4					https://s3.amazonaws.com/NARAprodstorage/opastorage/live/15/4222/24422215/content/dc-metro/rg-026/585454/0001-A1/Rush-v528/Rush-v528_0108.JPG	Juneau	58.3	-134.42		108
1901-09-03	12	58.3	-134.42			0.0					https://s3.amazonaws.com/NARAprodstorage/opastorage/live/15/4222/24422215/content/dc-metro/rg-026/585454/0001-A1/Rush-v528/Rush-v528_0109.JPG	Juneau	58.3	-134.42		109
1901-09-04	12	59.24	-135.45			64.9					https://s3.amazonaws.com/NARAprodstorage/opastorage/live/15/4222/24422215/content/dc-metro/rg-026/585454/0001-A1/Rush-v528/Rush-v528_0110.JPG	Haines Mission	59.24	-135.45		110
1901-09-05	12	59.24	-135.45			0.0					https://s3.amazonaws.com/NARAprodstorage/opastorage/live/15/4222/24422215/content/dc-metro/rg-026/585454/0001-A1/Rush-v528/Rush-v528_0111.JPG	Haines Mission	59.24	-135.45		111
1901-09-06	12	58.64	-135.09			37.7					https://s3.amazonaws.com/NARAprodstorage/opastorage/live/15/4222/24422215/content/dc-metro/rg-026/585454/0001-A1/Rush-v528/Rush-v528_0112.JPG	Point Whidbey SxE 4 miles	58.64	-135.09		112
1901-09-07	12	58.35	-136.34			42.9					https://s3.amazonaws.com/NARAprodstorage/opastorage/live/15/4222/24422215/content/dc-metro/rg-026/585454/0001-A1/Rush-v528/Rush-v528_0113.JPG	Dundas Bay	58.35	-136.34		113
1901-09-08	12	58.19	-135.06			41.5					https://s3.amazonaws.com/NARAprodstorage/opastorage/live/15/4222/24422215/content/dc-metro/rg-026/585454/0001-A1/Rush-v528/Rush-v528_0114.JPG	Point Couverden	58.19	-135.06		114
1901-09-09	12	57.11	-135.41			65.8					https://s3.amazonaws.com/NARAprodstorage/opastorage/live/15/4222/24422215/content/dc-metro/rg-026/585454/0001-A1/Rush-v528/Rush-v528_0115.JPG	Sitka Rocks E 1/2 mile	57.11	-135.41		115
1901-09-10	12	57.05	-135.33			4.4					https://s3.amazonaws.com/NARAprodstorage/opastorage/live/15/4222/24422215/content/dc-metro/rg-026/585454/0001-A1/Rush-v528/Rush-v528_0116.JPG	Sitka	57.05	-135.33		116
1901-09-11	12	57.05	-135.33			0.0					https://s3.amazonaws.com/NARAprodstorage/opastorage/live/15/4222/24422215/content/dc-metro/rg-026/585454/0001-A1/Rush-v528/Rush-v528_0117.JPG	Sitka	57.05	-135.33		117
1901-09-12	12	57.05	-135.33			0.0					https://s3.amazonaws.com/NARAprodstorage/opastorage/live/15/4222/24422215/content/dc-metro/rg-026/585454/0001-A1/Rush-v528/Rush-v528_0118.JPG	Sitka	57.05	-135.33		118
1901-09-13	12	57.05	-135.33			0.0					https://s3.amazonaws.com/NARAprodstorage/opastorage/live/15/4222/24422215/content/dc-metro/rg-026/585454/0001-A1/Rush-v528/Rush-v528_0119.JPG	Sitka	57.05	-135.33		119
1901-09-14	12	57.05	-135.33			0.0					https://s3.amazonaws.com/NARAprodstorage/opastorage/live/15/4222/24422215/content/dc-metro/rg-026/585454/0001-A1/Rush-v528/Rush-v528_0120.JPG	Sitka	57.05	-135.33		120
1901-09-15	12	57.05	-135.33			0.0					https://s3.amazonaws.com/NARAprodstorage/opastorage/live/15/4222/24422215/content/dc-metro/rg-026/585454/0001-A1/Rush-v528/Rush-v528_0121.JPG	Sitka	57.05	-135.33		121
1901-09-16	12	57.05	-135.33			0.0					https://s3.amazonaws.com/NARAprodstorage/opastorage/live/15/4222/24422215/content/dc-metro/rg-026/585454/0001-A1/Rush-v528/Rush-v528_0122.JPG	Sitka	57.05	-135.33		122
1901-09-17	12	57.05	-135.33			0.0					https://s3.amazonaws.com/NARAprodstorage/opastorage/live/15/4222/24422215/content/dc-metro/rg-026/585454/0001-A1/Rush-v528/Rush-v528_0123.JPG	Sitka	57.05	-135.33		123
1901-09-18	12	57.05	-135.33			0.0					https://s3.amazonaws.com/NARAprodstorage/opastorage/live/15/4222/24422215/content/dc-metro/rg-026/585454/0001-A1/Rush-v528/Rush-v528_0124.JPG	Sitka	57.05	-135.33		124
1901-09-19	12	57.2	-135.48			10.2					https://s3.amazonaws.com/NARAprodstorage/opastorage/live/15/4222/24422215/content/dc-metro/rg-026/585454/0001-A1/Rush-v528/Rush-v528_0125.JPG	Olga Strait	57.2	-135.48		125
1901-09-20	12	57.46	-135.03			21.4					https://s3.amazonaws.com/NARAprodstorage/opastorage/live/15/4222/24422215/content/dc-metro/rg-026/585454/0001-A1/Rush-v528/Rush-v528_0126.JPG	Lindenberg Harbor	57.46	-135.03		126
1901-09-21	12	56.81	-132.96			77.9					https://s3.amazonaws.com/NARAprodstorage/opastorage/live/15/4222/24422215/content/dc-metro/rg-026/585454/0001-A1/Rush-v528/Rush-v528_0127.JPG	Petersberg	56.81	-132.96		127
1901-09-22	12	55.8	-132.42			63.2					https://s3.amazonaws.com/NARAprodstorage/opastorage/live/15/4222/24422215/content/dc-metro/rg-026/585454/0001-A1/Rush-v528/Rush-v528_0128.JPG	Onslow Point NNE1/2E 41/2 miles	55.8	-132.42		128
1901-09-23	12	55.13	-131.57			49.5					https://s3.amazonaws.com/NARAprodstorage/opastorage/live/15/4222/24422215/content/dc-metro/rg-026/585454/0001-A1/Rush-v528/Rush-v528_0129.JPG	New Metlakatla	55.13	-131.57		129
1901-09-24	12	55.34	-131.65			12.9					https://s3.amazonaws.com/NARAprodstorage/opastorage/live/15/4222/24422215/content/dc-metro/rg-026/585454/0001-A1/Rush-v528/Rush-v528_0130.JPG	Ketchikan	55.34	-131.65		130
1901-09-25	12	55.34	-131.65			0.0					https://s3.amazonaws.com/NARAprodstorage/opastorage/live/15/4222/24422215/content/dc-metro/rg-026/585454/0001-A1/Rush-v528/Rush-v528_0131.JPG	Ketchikan	55.34	-131.65		131
1901-09-26	12	55.85	-132.46			41.1					https://s3.amazonaws.com/NARAprodstorage/opastorage/live/15/4222/24422215/content/dc-metro/rg-026/585454/0001-A1/Rush-v528/Rush-v528_0132.JPG	Onslow Point ENE 5 miles	55.85	-132.46		132
1901-09-27	12	56.86	-132.91			62.4					https://s3.amazonaws.com/NARAprodstorage/opastorage/live/15/4222/24422215/content/dc-metro/rg-026/585454/0001-A1/Rush-v528/Rush-v528_0133.JPG	Sukoi Islets NW 2 miles	56.86	-132.91		133
1901-09-28	12	58.3	-134.42			99.1					https://s3.amazonaws.com/NARAprodstorage/opastorage/live/15/4222/24422215/content/dc-metro/rg-026/585454/0001-A1/Rush-v528/Rush-v528_0134.JPG	Juneau	58.3	-134.42		134
1901-09-29	12	58.59	-135.08			27.1					https://s3.amazonaws.com/NARAprodstorage/opastorage/live/15/4222/24422215/content/dc-metro/rg-026/585454/0001-A1/Rush-v528/Rush-v528_0135.JPG	Point Whidbey SW1/2S 2 miles	58.59	-135.08		135
1901-09-30	12	59.37	-135.37			47.7					https://s3.amazonaws.com/NARAprodstorage/opastorage/live/15/4222/24422215/content/dc-metro/rg-026/585454/0001-A1/Rush-v528/Rush-v528_0136.JPG	Taiya Inlet	59.37	-135.37		136
1901-10-01	12	59.46	-135.31			5.7					https://s3.amazonaws.com/NARAprodstorage/opastorage/live/15/4222/24422215/content/dc-metro/rg-026/585454/0001-A1/Rush-v528/Rush-v528_0137.JPG	Skagway	59.46	-135.31		137
1901-10-02	12	59.24	-135.45			13.9					https://s3.amazonaws.com/NARAprodstorage/opastorage/live/15/4222/24422215/content/dc-metro/rg-026/585454/0001-A1/Rush-v528/Rush-v528_0138.JPG	Haines	59.24	-135.45		138
1901-10-03	12	58.23	-135.02			62.1					https://s3.amazonaws.com/NARAprodstorage/opastorage/live/15/4222/24422215/content/dc-metro/rg-026/585454/0001-A1/Rush-v528/Rush-v528_0139.JPG	Point Howard NW1/2W 4 miles	58.23	-135.02		139
1901-10-04	12	57.17	-135.43			64.9					https://s3.amazonaws.com/NARAprodstorage/opastorage/live/15/4222/24422215/content/dc-metro/rg-026/585454/0001-A1/Rush-v528/Rush-v528_0140.JPG	Dog Point ExN 1/4 mile	57.17	-135.43		140
1901-10-05	12	57.05	-135.33			7.9					https://s3.amazonaws.com/NARAprodstorage/opastorage/live/15/4222/24422215/content/dc-metro/rg-026/585454/0001-A1/Rush-v528/Rush-v528_0141.JPG	Sitka	57.05	-135.33		141
1901-10-06	12	57.05	-135.33			0.0					https://s3.amazonaws.com/NARAprodstorage/opastorage/live/15/4222/24422215/content/dc-metro/rg-026/585454/0001-A1/Rush-v528/Rush-v528_0142.JPG	Sitka	57.05	-135.33		142
1901-10-07	12	57.05	-135.33			0.0					https://s3.amazonaws.com/NARAprodstorage/opastorage/live/15/4222/24422215/content/dc-metro/rg-026/585454/0001-A1/Rush-v528/Rush-v528_0143.JPG	Sitka	57.05	-135.33		143
1901-10-08	12	57.05	-135.33			0.0					https://s3.amazonaws.com/NARAprodstorage/opastorage/live/15/4222/24422215/content/dc-metro/rg-026/585454/0001-A1/Rush-v528/Rush-v528_0144.JPG	Sitka	57.05	-135.33		144
1901-10-09	12	57.05	-135.33			0.0					https://s3.amazonaws.com/NARAprodstorage/opastorage/live/15/4222/24422215/content/dc-metro/rg-026/585454/0001-A1/Rush-v528/Rush-v528_0145.JPG	Sitka	57.05	-135.33		145
1901-10-10	12	57.05	-135.33			0.0					https://s3.amazonaws.com/NARAprodstorage/opastorage/live/15/4222/24422215/content/dc-metro/rg-026/585454/0001-A1/Rush-v528/Rush-v528_0146.JPG	Sitka	57.05	-135.33		146
1901-10-11	12	57.05	-135.33			0.0					https://s3.amazonaws.com/NARAprodstorage/opastorage/live/15/4222/24422215/content/dc-metro/rg-026/585454/0001-A1/Rush-v528/Rush-v528_0147.JPG	Sitka	57.05	-135.33		147
1901-10-12	12	57.48	-135.32			25.8					https://s3.amazonaws.com/NARAprodstorage/opastorage/live/15/4222/24422215/content/dc-metro/rg-026/585454/0001-A1/Rush-v528/Rush-v528_0148.JPG	Rodman Bay	57.48	-135.32		148
1901-10-13	12	57.96	-134.89			31.9				2:35 to 3:10 stopped for ice. 3:10 stood into Point Frederick. 2:50 anchored off Hooniah.	https://s3.amazonaws.com/NARAprodstorage/opastorage/live/15/4222/24422215/content/dc-metro/rg-026/585454/0001-A1/Rush-v528/Rush-v528_0149.JPG	Cube Point NE 4 miles	57.96	-134.89		149
1901-10-14	12	58.11	-135.44			19.7					https://s3.amazonaws.com/NARAprodstorage/opastorage/live/15/4222/24422215/content/dc-metro/rg-026/585454/0001-A1/Rush-v528/Rush-v528_0150.JPG	Hooniah	58.11	-135.44		150
1901-10-15	12	57.46	-134.56			48.1					https://s3.amazonaws.com/NARAprodstorage/opastorage/live/15/4222/24422215/content/dc-metro/rg-026/585454/0001-A1/Rush-v528/Rush-v528_0151.JPG	Killisnoo	57.46	-134.56		151
1901-10-16	12	56.68	-132.94			70.6					https://s3.amazonaws.com/NARAprodstorage/opastorage/live/15/4222/24422215/content/dc-metro/rg-026/585454/0001-A1/Rush-v528/Rush-v528_0152.JPG	Finger Point	56.68	-132.94		152
1901-10-17	12	56.04	-132.68			39.4					https://s3.amazonaws.com/NARAprodstorage/opastorage/live/15/4222/24422215/content/dc-metro/rg-026/585454/0001-A1/Rush-v528/Rush-v528_0153.JPG	Point Stanhope E1/2S 3 miles	56.04	-132.68		153
1901-10-18	12	55.52	-132.1			36.8					https://s3.amazonaws.com/NARAprodstorage/opastorage/live/15/4222/24422215/content/dc-metro/rg-026/585454/0001-A1/Rush-v528/Rush-v528_0154.JPG	Guard Islands E 81/2 miles	55.52	-132.1		154
1901-10-19	12	55.54	-132.1			1.2					https://s3.amazonaws.com/NARAprodstorage/opastorage/live/15/4222/24422215/content/dc-metro/rg-026/585454/0001-A1/Rush-v528/Rush-v528_0155.JPG	Pennock Island SE 1 mile	55.54	-132.1		155
1901-10-20	12	55.5	-132.32			7.9					https://s3.amazonaws.com/NARAprodstorage/opastorage/live/15/4222/24422215/content/dc-metro/rg-026/585454/0001-A1/Rush-v528/Rush-v528_0156.JPG	Kasaan Bay	55.5	-132.32		156
1901-10-21	12	55.54	-132.4			3.6					https://s3.amazonaws.com/NARAprodstorage/opastorage/live/15/4222/24422215/content/dc-metro/rg-026/585454/0001-A1/Rush-v528/Rush-v528_0157.JPG	Kasaan Village	55.54	-132.4		157
1901-10-22	12	55.54	-132.4			0.0					https://s3.amazonaws.com/NARAprodstorage/opastorage/live/15/4222/24422215/content/dc-metro/rg-026/585454/0001-A1/Rush-v528/Rush-v528_0158.JPG	Kasaan Village	55.54	-132.4		158
1901-10-23	12	55.34	-131.65			28.2					https://s3.amazonaws.com/NARAprodstorage/opastorage/live/15/4222/24422215/content/dc-metro/rg-026/585454/0001-A1/Rush-v528/Rush-v528_0159.JPG	Ketchikan	55.34	-131.65		159
1901-10-24	12	55.34	-131.65			0.0					https://s3.amazonaws.com/NARAprodstorage/opastorage/live/15/4222/24422215/content/dc-metro/rg-026/585454/0001-A1/Rush-v528/Rush-v528_0160.JPG	Ketchikan	55.34	-131.65		160
1901-10-25	12	55.44	-132.25			21.3					https://s3.amazonaws.com/NARAprodstorage/opastorage/live/15/4222/24422215/content/dc-metro/rg-026/585454/0001-A1/Rush-v528/Rush-v528_0161.JPG	Skowl Point S 1 mile	55.44	-132.25		161
1901-10-26	12	55.54	-132.4			7.9					https://s3.amazonaws.com/NARAprodstorage/opastorage/live/15/4222/24422215/content/dc-metro/rg-026/585454/0001-A1/Rush-v528/Rush-v528_0162.JPG	Kasaan Village	55.54	-132.4		162
1901-10-27	12	55.54	-132.4			0.0					https://s3.amazonaws.com/NARAprodstorage/opastorage/live/15/4222/24422215/content/dc-metro/rg-026/585454/0001-A1/Rush-v528/Rush-v528_0163.JPG	Kasaan Village	55.54	-132.4		163
1901-10-28	12	55.54	-132.4			0.0					https://s3.amazonaws.com/NARAprodstorage/opastorage/live/15/4222/24422215/content/dc-metro/rg-026/585454/0001-A1/Rush-v528/Rush-v528_0164.JPG	Kasaan Village	55.54	-132.4		164
1901-10-29	12	55.47	-132.11			10.7					https://s3.amazonaws.com/NARAprodstorage/opastorage/live/15/4222/24422215/content/dc-metro/rg-026/585454/0001-A1/Rush-v528/Rush-v528_0165.JPG	Streets Island N1/2N 1 mile	55.47	-132.11		165
1901-10-30	12	56.72	-132.96			80.2					https://s3.amazonaws.com/NARAprodstorage/opastorage/live/15/4222/24422215/content/dc-metro/rg-026/585454/0001-A1/Rush-v528/Rush-v528_0166.JPG	Tonka	56.72	-132.96		166
1901-10-31	12	57.14	-133.96			41.3					https://s3.amazonaws.com/NARAprodstorage/opastorage/live/15/4222/24422215/content/dc-metro/rg-026/585454/0001-A1/Rush-v528/Rush-v528_0167.JPG	Povorotny Island SSW 1 mile	57.14	-133.96		167
1901-11-01	12	57.05	-135.33			45.0					https://s3.amazonaws.com/NARAprodstorage/opastorage/live/15/4222/24422215/content/dc-metro/rg-026/585454/0001-A1/Rush-v528/Rush-v528_0168.JPG	Sitka	57.05	-135.33		168
1901-11-02	12	57.05	-135.33			0.0					https://s3.amazonaws.com/NARAprodstorage/opastorage/live/15/4222/24422215/content/dc-metro/rg-026/585454/0001-A1/Rush-v528/Rush-v528_0169.JPG	Sitka	57.05	-135.33		169
1901-11-03	12	57.05	-135.33			0.0					https://s3.amazonaws.com/NARAprodstorage/opastorage/live/15/4222/24422215/content/dc-metro/rg-026/585454/0001-A1/Rush-v528/Rush-v528_0170.JPG	Sitka	57.05	-135.33		170
1901-11-04	12	57.05	-135.33			0.0					https://s3.amazonaws.com/NARAprodstorage/opastorage/live/15/4222/24422215/content/dc-metro/rg-026/585454/0001-A1/Rush-v528/Rush-v528_0171.JPG	Sitka	57.05	-135.33		171
1901-11-05	12	57.05	-135.33			0.0					https://s3.amazonaws.com/NARAprodstorage/opastorage/live/15/4222/24422215/content/dc-metro/rg-026/585454/0001-A1/Rush-v528/Rush-v528_0172.JPG	Sitka	57.05	-135.33		172
1901-11-06	12	57.05	-135.33			0.0					https://s3.amazonaws.com/NARAprodstorage/opastorage/live/15/4222/24422215/content/dc-metro/rg-026/585454/0001-A1/Rush-v528/Rush-v528_0173.JPG	Sitka	57.05	-135.33		173
1901-11-07	12	57.05	-135.33			0.0					https://s3.amazonaws.com/NARAprodstorage/opastorage/live/15/4222/24422215/content/dc-metro/rg-026/585454/0001-A1/Rush-v528/Rush-v528_0174.JPG	Sitka	57.05	-135.33		174
1901-11-08	12	57.05	-135.33			0.0					https://s3.amazonaws.com/NARAprodstorage/opastorage/live/15/4222/24422215/content/dc-metro/rg-026/585454/0001-A1/Rush-v528/Rush-v528_0175.JPG	Sitka	57.05	-135.33		175
1901-11-09	12	57.05	-135.33			0.0					https://s3.amazonaws.com/NARAprodstorage/opastorage/live/15/4222/24422215/content/dc-metro/rg-026/585454/0001-A1/Rush-v528/Rush-v528_0176.JPG	Sitka	57.05	-135.33		176
1901-11-10	12	57.05	-135.33			0.0					https://s3.amazonaws.com/NARAprodstorage/opastorage/live/15/4222/24422215/content/dc-metro/rg-026/585454/0001-A1/Rush-v528/Rush-v528_0177.JPG	Sitka	57.05	-135.33		177
1901-11-11	12	57.05	-135.33			0.0					https://s3.amazonaws.com/NARAprodstorage/opastorage/live/15/4222/24422215/content/dc-metro/rg-026/585454/0001-A1/Rush-v528/Rush-v528_0178.JPG	Sitka	57.05	-135.33		178
1901-11-12	12	57.05	-135.33			0.0					https://s3.amazonaws.com/NARAprodstorage/opastorage/live/15/4222/24422215/content/dc-metro/rg-026/585454/0001-A1/Rush-v528/Rush-v528_0179.JPG	Sitka	57.05	-135.33		179
1901-11-13	12	57.05	-135.33			0.0					https://s3.amazonaws.com/NARAprodstorage/opastorage/live/15/4222/24422215/content/dc-metro/rg-026/585454/0001-A1/Rush-v528/Rush-v528_0180.JPG	Sitka	57.05	-135.33		180
1901-11-14	12	57.05	-135.33			0.0					https://s3.amazonaws.com/NARAprodstorage/opastorage/live/15/4222/24422215/content/dc-metro/rg-026/585454/0001-A1/Rush-v528/Rush-v528_0181.JPG	Sitka	57.05	-135.33		181
1901-11-15	12	57.05	-135.33			0.0					https://s3.amazonaws.com/NARAprodstorage/opastorage/live/15/4222/24422215/content/dc-metro/rg-026/585454/0001-A1/Rush-v528/Rush-v528_0182.JPG	Sitka	57.05	-135.33		182
1901-11-16	12	57.05	-135.33			0.0					https://s3.amazonaws.com/NARAprodstorage/opastorage/live/15/4222/24422215/content/dc-metro/rg-026/585454/0001-A1/Rush-v528/Rush-v528_0183.JPG	Sitka	57.05	-135.33		183
1901-11-17	12	57.05	-135.33			0.0					https://s3.amazonaws.com/NARAprodstorage/opastorage/live/15/4222/24422215/content/dc-metro/rg-026/585454/0001-A1/Rush-v528/Rush-v528_0184.JPG	Sitka	57.05	-135.33		184
1901-11-18	12	57.05	-135.33			0.0					https://s3.amazonaws.com/NARAprodstorage/opastorage/live/15/4222/24422215/content/dc-metro/rg-026/585454/0001-A1/Rush-v528/Rush-v528_0185.JPG	Sitka	57.05	-135.33		185
1901-11-19	12	57.05	-135.33			0.0					https://s3.amazonaws.com/NARAprodstorage/opastorage/live/15/4222/24422215/content/dc-metro/rg-026/585454/0001-A1/Rush-v528/Rush-v528_0186.JPG	Sitka	57.05	-135.33		186
1901-11-20	12	57.05	-135.33			0.0					https://s3.amazonaws.com/NARAprodstorage/opastorage/live/15/4222/24422215/content/dc-metro/rg-026/585454/0001-A1/Rush-v528/Rush-v528_0187.JPG	Sitka	57.05	-135.33		187
1901-11-21	12	57.05	-135.33			0.0					https://s3.amazonaws.com/NARAprodstorage/opastorage/live/15/4222/24422215/content/dc-metro/rg-026/585454/0001-A1/Rush-v528/Rush-v528_0188.JPG	Sitka	57.05	-135.33		188
1901-11-22	12	57.05	-135.33			0.0					https://s3.amazonaws.com/NARAprodstorage/opastorage/live/15/4222/24422215/content/dc-metro/rg-026/585454/0001-A1/Rush-v528/Rush-v528_0189.JPG	Sitka	57.05	-135.33		189
1901-11-23	12	57.05	-135.33			0.0					https://s3.amazonaws.com/NARAprodstorage/opastorage/live/15/4222/24422215/content/dc-metro/rg-026/585454/0001-A1/Rush-v528/Rush-v528_0190.JPG	Sitka	57.05	-135.33		190
1901-11-24	12	57.05	-135.33			0.0					https://s3.amazonaws.com/NARAprodstorage/opastorage/live/15/4222/24422215/content/dc-metro/rg-026/585454/0001-A1/Rush-v528/Rush-v528_0191.JPG	Sitka	57.05	-135.33		191
1901-11-25	12	57.05	-135.33			0.0					https://s3.amazonaws.com/NARAprodstorage/opastorage/live/15/4222/24422215/content/dc-metro/rg-026/585454/0001-A1/Rush-v528/Rush-v528_0192.JPG	Sitka	57.05	-135.33		192
1901-11-26	12	57.05	-135.33			0.0					https://s3.amazonaws.com/NARAprodstorage/opastorage/live/15/4222/24422215/content/dc-metro/rg-026/585454/0001-A1/Rush-v528/Rush-v528_0193.JPG	Sitka	57.05	-135.33		193
1901-11-27	12	57.05	-135.33			0.0					https://s3.amazonaws.com/NARAprodstorage/opastorage/live/15/4222/24422215/content/dc-metro/rg-026/585454/0001-A1/Rush-v528/Rush-v528_0194.JPG	Sitka	57.05	-135.33		194
1901-11-28	12	57.05	-135.33			0.0					https://s3.amazonaws.com/NARAprodstorage/opastorage/live/15/4222/24422215/content/dc-metro/rg-026/585454/0001-A1/Rush-v528/Rush-v528_0195.JPG	Sitka	57.05	-135.33		195
1901-11-29	12	57.05	-135.33			0.0					https://s3.amazonaws.com/NARAprodstorage/opastorage/live/15/4222/24422215/content/dc-metro/rg-026/585454/0001-A1/Rush-v528/Rush-v528_0196.JPG	Sitka	57.05	-135.33		196
1901-11-30	12	57.05	-135.33			0.0					https://s3.amazonaws.com/NARAprodstorage/opastorage/live/15/4222/24422215/content/dc-metro/rg-026/585454/0001-A1/Rush-v528/Rush-v528_0197.JPG	Sitka	57.05	-135.33		197
1901-12-01	12	57.05	-135.33			0.0					https://s3.amazonaws.com/NARAprodstorage/opastorage/live/15/4222/24422215/content/dc-metro/rg-026/585454/0001-A1/Rush-v528/Rush-v528_0198.JPG	Sitka	57.05	-135.33		198
1901-12-02	12	57.1	-135.42			4.2					https://s3.amazonaws.com/NARAprodstorage/opastorage/live/15/4222/24422215/content/dc-metro/rg-026/585454/0001-A1/Rush-v528/Rush-v528_0199.JPG	Big Gavanski Island NW 2 miles	57.1	-135.42		199
1901-12-03	12	57.53	-135.51			26.0					https://s3.amazonaws.com/NARAprodstorage/opastorage/live/15/4222/24422215/content/dc-metro/rg-026/585454/0001-A1/Rush-v528/Rush-v528_0200.JPG	Povorotny Island SSW 2 miles	57.53	-135.51		200
1901-12-04	12	58.03	-134.89			36.0					https://s3.amazonaws.com/NARAprodstorage/opastorage/live/15/4222/24422215/content/dc-metro/rg-026/585454/0001-A1/Rush-v528/Rush-v528_0201.JPG	Point Augusta WSW 2	58.03	-134.89		201
1901-12-05	12	58.26	-134.33			22.5					https://s3.amazonaws.com/NARAprodstorage/opastorage/live/15/4222/24422215/content/dc-metro/rg-026/585454/0001-A1/Rush-v528/Rush-v528_0202.JPG	Off Sheep Creek	58.26	-134.33		202
1901-12-06	12	58.3	-134.42			3.7					https://s3.amazonaws.com/NARAprodstorage/opastorage/live/20/4224/24422420/content/dc-metro/rg-026/585454/0001-A1/Rush-v529/Rush-v529_0009.JPG	Juneau	58.3	-134.42		https://s3.amazonaws.com/NARAprodstorage/opastorage/live/20/4224/24422420/content/dc-metro/rg-026/585454/0001-A1/Rush-v529/Rush-v529_0009.JPG
1901-12-07	12	58.3	-134.42			0.0					https://s3.amazonaws.com/NARAprodstorage/opastorage/live/20/4224/24422420/content/dc-metro/rg-026/585454/0001-A1/Rush-v529/Rush-v529_0010.JPG	Juneau	58.3	-134.42		10
1901-12-08	12	58.43	-134.97			19.0					https://s3.amazonaws.com/NARAprodstorage/opastorage/live/20/4224/24422420/content/dc-metro/rg-026/585454/0001-A1/Rush-v529/Rush-v529_0011.JPG	Point Retreat SE 1 mile	58.43	-134.97		11
1901-12-09	12	58.35	-134.85			6.1					https://s3.amazonaws.com/NARAprodstorage/opastorage/live/20/4224/24422420/content/dc-metro/rg-026/585454/0001-A1/Rush-v529/Rush-v529_0012.JPG	Barlow Point WxN 2 miles	58.35	-134.85		12
1901-12-10	12	58.39	-135.01			5.6					https://s3.amazonaws.com/NARAprodstorage/opastorage/live/20/4224/24422420/content/dc-metro/rg-026/585454/0001-A1/Rush-v529/Rush-v529_0013.JPG	Point Retreat NNE 2 miles	58.39	-135.01		13
1901-12-11	12	58.11	-135.44			21.6					https://s3.amazonaws.com/NARAprodstorage/opastorage/live/20/4224/24422420/content/dc-metro/rg-026/585454/0001-A1/Rush-v529/Rush-v529_0014.JPG	Hoonah	58.11	-135.44		14
1901-12-12	12	57.82	-134.86			25.4					https://s3.amazonaws.com/NARAprodstorage/opastorage/live/20/4224/24422420/content/dc-metro/rg-026/585454/0001-A1/Rush-v529/Rush-v529_0015.JPG	North Passage Point W 3 miles	57.82	-134.86		15
1901-12-13	12	57.38	-135.67			37.1					https://s3.amazonaws.com/NARAprodstorage/opastorage/live/20/4224/24422420/content/dc-metro/rg-026/585454/0001-A1/Rush-v529/Rush-v529_0016.JPG	Kakul Narrows	57.38	-135.67		16
1901-12-14	12	57.05	-135.33			22.7					https://s3.amazonaws.com/NARAprodstorage/opastorage/live/20/4224/24422420/content/dc-metro/rg-026/585454/0001-A1/Rush-v529/Rush-v529_0017.JPG	Sitka	57.05	-135.33		17
1901-12-15	12	57.05	-135.33			0.0					https://s3.amazonaws.com/NARAprodstorage/opastorage/live/20/4224/24422420/content/dc-metro/rg-026/585454/0001-A1/Rush-v529/Rush-v529_0018.JPG	Sitka	57.05	-135.33		18
1901-12-16	12	57.05	-135.33			0.0					https://s3.amazonaws.com/NARAprodstorage/opastorage/live/20/4224/24422420/content/dc-metro/rg-026/585454/0001-A1/Rush-v529/Rush-v529_0019.JPG	Sitka	57.05	-135.33		19
1901-12-17	12	57.05	-135.33			0.0					https://s3.amazonaws.com/NARAprodstorage/opastorage/live/20/4224/24422420/content/dc-metro/rg-026/585454/0001-A1/Rush-v529/Rush-v529_0020.JPG	Sitka	57.05	-135.33		20
1901-12-18	12	57.05	-135.33			0.0					https://s3.amazonaws.com/NARAprodstorage/opastorage/live/20/4224/24422420/content/dc-metro/rg-026/585454/0001-A1/Rush-v529/Rush-v529_0021.JPG	Sitka	57.05	-135.33		21
1901-12-19	12	57.05	-135.33			0.0					https://s3.amazonaws.com/NARAprodstorage/opastorage/live/20/4224/24422420/content/dc-metro/rg-026/585454/0001-A1/Rush-v529/Rush-v529_0022.JPG	Sitka	57.05	-135.33		22
1901-12-20	12	57.05	-135.33			0.0					https://s3.amazonaws.com/NARAprodstorage/opastorage/live/20/4224/24422420/content/dc-metro/rg-026/585454/0001-A1/Rush-v529/Rush-v529_0023.JPG	Sitka	57.05	-135.33		23
1901-12-21	12	57.05	-135.33			0.0					https://s3.amazonaws.com/NARAprodstorage/opastorage/live/20/4224/24422420/content/dc-metro/rg-026/585454/0001-A1/Rush-v529/Rush-v529_0024.JPG	Sitka	57.05	-135.33		24
1901-12-22	12	57.05	-135.33			0.0					https://s3.amazonaws.com/NARAprodstorage/opastorage/live/20/4224/24422420/content/dc-metro/rg-026/585454/0001-A1/Rush-v529/Rush-v529_0025.JPG	Sitka	57.05	-135.33		25
1901-12-23	12	57.05	-135.33			0.0					https://s3.amazonaws.com/NARAprodstorage/opastorage/live/20/4224/24422420/content/dc-metro/rg-026/585454/0001-A1/Rush-v529/Rush-v529_0026.JPG	Sitka	57.05	-135.33		26
1901-12-24	12	57.05	-135.33			0.0					https://s3.amazonaws.com/NARAprodstorage/opastorage/live/20/4224/24422420/content/dc-metro/rg-026/585454/0001-A1/Rush-v529/Rush-v529_0027.JPG	Sitka	57.05	-135.33		27
1901-12-25	12	57.05	-135.33			0.0					https://s3.amazonaws.com/NARAprodstorage/opastorage/live/20/4224/24422420/content/dc-metro/rg-026/585454/0001-A1/Rush-v529/Rush-v529_0028.JPG	Sitka	57.05	-135.33		28
1901-12-26	12	57.05	-135.33			0.0					https://s3.amazonaws.com/NARAprodstorage/opastorage/live/20/4224/24422420/content/dc-metro/rg-026/585454/0001-A1/Rush-v529/Rush-v529_0029.JPG	Sitka	57.05	-135.33		29
1901-12-27	12	57.05	-135.33			0.0					https://s3.amazonaws.com/NARAprodstorage/opastorage/live/20/4224/24422420/content/dc-metro/rg-026/585454/0001-A1/Rush-v529/Rush-v529_0030.JPG	Sitka	57.05	-135.33		30
1901-12-28	12	57.05	-135.33			0.0					https://s3.amazonaws.com/NARAprodstorage/opastorage/live/20/4224/24422420/content/dc-metro/rg-026/585454/0001-A1/Rush-v529/Rush-v529_0031.JPG	Sitka	57.05	-135.33		31
1901-12-29	12	57.05	-135.33			0.0					https://s3.amazonaws.com/NARAprodstorage/opastorage/live/20/4224/24422420/content/dc-metro/rg-026/585454/0001-A1/Rush-v529/Rush-v529_0032.JPG	Sitka	57.05	-135.33		32
1901-12-30	12	57.05	-135.33			0.0					https://s3.amazonaws.com/NARAprodstorage/opastorage/live/20/4224/24422420/content/dc-metro/rg-026/585454/0001-A1/Rush-v529/Rush-v529_0033.JPG	Sitka	57.05	-135.33		33
1901-12-31	12	57.05	-135.33			0.0					https://s3.amazonaws.com/NARAprodstorage/opastorage/live/20/4224/24422420/content/dc-metro/rg-026/585454/0001-A1/Rush-v529/Rush-v529_0034.JPG	Sitka	57.05	-135.33		34
